Timestamp,TxHash,User Address,Vault Address,Amount
1620384384,0x082f58c46cd8f19d4759ee815a427aba0771bd77babc452e1dfc535488a09cd9,0x33A875bD262C5cACAa1245ed8AC9734973da6108,0x6E16394cBF840fc599FA3d9e5D1E90949c32a4F5,50000000000000000000
1621009638,0xb512ec42342c7ac81edc0784fbc55aaaf93b43e9f15e835c7efbae436a76d898,0x5E26F32454EF6219b48AE556ECc58279b033E506,0x6E16394cBF840fc599FA3d9e5D1E90949c32a4F5,100000000000000000000
1621013093,0xd114031c030992e3f18332b13230d01275f0de590459b852c2975595a15a1d14,0xEA7D443EcB40E2189d674256DfF3CC32b35C1430,0x6E16394cBF840fc599FA3d9e5D1E90949c32a4F5,5000000000000000000
1621020473,0x42c07a16fbeb4310a170076ef6890f5690f2582a06b4978c6c738e9794eab0b6,0x3B7eB1e9CEd7d8c78E8A9b2D591dbc20FC42A1bC,0x6E16394cBF840fc599FA3d9e5D1E90949c32a4F5,100000000000000000000
1621044167,0x5569aeb53614b36c6f5e8b1b7e88f5f7d3eaaa9473ca31b9301fd00c2626c732,0x078E88E465f2a430399E319d57543A7A76E97668,0xd0dc4Cc10fCf3fEe2bF5310c0E4e097b60F097D3,3000000000
1621352922,0xd781340852970eb48ae068a35faf9b14d4422e988fe7ecd7caa2db083460f601,0x055A875cD844f04a2C2Ee1BB72999D7E7b40761d,0xd0dc4Cc10fCf3fEe2bF5310c0E4e097b60F097D3,1000000000
1621353195,0x2a29784fdd4ee3c53a155ab8376ce402e0741aab31141807fbfdc7e698b77fbb,0xEDF7b675a2fE3c27efb263fb4c204A3f0fb17D46,0xd0dc4Cc10fCf3fEe2bF5310c0E4e097b60F097D3,1000000000
1621358163,0x479959a544b74b98420d44f4a78284a5b65f312b2a11cffba31c739368a7ddbb,0x47547895218274e121E4219A3fD23235377A9903,0x6E16394cBF840fc599FA3d9e5D1E90949c32a4F5,1000000000000000000000
1621361701,0x07754c83fc02dc9b756760aa54f365a80fdf56c6d005c34355bb385fbd340a43,0x4902b20bB3B8e7776CBcDCB6e3397E7F6b4e449E,0xd0dc4Cc10fCf3fEe2bF5310c0E4e097b60F097D3,3500000000
1621365663,0x3b3753f23e296ff9e8d3ba4908e3a15bc4a6577d4eb0539ada0ce9528b2fb16b,0x0da46E79374f20235F62Cb91f6eDBa35245A3a84,0x6E16394cBF840fc599FA3d9e5D1E90949c32a4F5,2500000000000000000000
1621376744,0xe8cea855fbb5fbbc16c36a4f86ed722b6179b79d91d1682169e18939905c31e7,0x056590F16D5b314a132BbCFb1283fEc5D5C6E670,0x6E16394cBF840fc599FA3d9e5D1E90949c32a4F5,100000000000000000000
1621377993,0xa02b2047f8ff47f7472b2f08dad8b61e6196c604ce2d7765b62dd04dac17c2c1,0x5f350bF5feE8e254D6077f8661E9C7B83a30364e,0x6E16394cBF840fc599FA3d9e5D1E90949c32a4F5,100000000000000000000
1621378385,0xf9d144755ad8be603ae3d0710e9079b6cc3bba768c3aaa42064afe412a48ff43,0x18637e9C1f3bBf5D4492D541CE67Dcf39f1609A2,0x6E16394cBF840fc599FA3d9e5D1E90949c32a4F5,10000000000000000000
1621380743,0xb4981e5ab604e1a458958fb8325d4e846636996aa4fd5a1a2876e817023b8cc1,0x31fE8439F34ed04514288a6f0F19f26c647Cd6aD,0x6E16394cBF840fc599FA3d9e5D1E90949c32a4F5,1000000000000000000000
1621383300,0x258311c8c8ca245f37cf4c6ea066ed5e08715a14c8bf86898004041b566769ed,0xF4880975728EE25A96C701c225c9EF58Eebe5a5b,0xd0dc4Cc10fCf3fEe2bF5310c0E4e097b60F097D3,100000000
1621493592,0x52908f7214f6689096c3c71429576ff9dac9ec47b17615693ec5a791aa8944c8,0xFC902A0eb16161901a91368cabD9B5005555a162,0x6E16394cBF840fc599FA3d9e5D1E90949c32a4F5,500000000000000000000
1621537173,0x810640f90afec3b4db50a1143a7a2b660dd5822f9d2be47cdd6152adefd58702,0x797BC498EdEE4357a16a1054dB0323CbD04C84c3,0xd0dc4Cc10fCf3fEe2bF5310c0E4e097b60F097D3,100000000
1621544131,0xc83bfb93fd8dc4f89dad59288897add788e4f31d91d068f4deda8bce27911bbc,0x0702F00bD689eE782D5c9a9DeDF1c7039F610f95,0xd0dc4Cc10fCf3fEe2bF5310c0E4e097b60F097D3,100000000
1621565276,0x3ab204eb02a1f6ca995f42398e0ae2eeff9e75b962cfccdfad2c2f6b6c1d97ed,0x7711A9a7Da504edF800Fe80f7E52A3aA33DAD07a,0xd0dc4Cc10fCf3fEe2bF5310c0E4e097b60F097D3,5000000
1621619759,0x4dc09cbc183cc1ff8643365fc367766154c1603d22a0b3de4d7bef98c0fe7f9f,0x14D92832265eeAFDEF9e526356FEfc90105966c3,0x6E16394cBF840fc599FA3d9e5D1E90949c32a4F5,10000000000000000000
1621645631,0x087dc185bfdb82eb0455a11161d9503b6df0b0eca50758f452d08fa49231228e,0xcb02c5065946D127d701E9b93802db4B8bE1C52F,0xd0dc4Cc10fCf3fEe2bF5310c0E4e097b60F097D3,1000000000
1621647446,0xbe12edad74b890234d110a54493cd891c3cc07f4aad0b19ef4a7bce60795a33e,0x8eBed0FF2B0232B0AedbFe6e9c0f72AC72577869,0x6E16394cBF840fc599FA3d9e5D1E90949c32a4F5,10000000000000000000
1621721300,0xd5288a0910ed3c0d1f6735b5d6ad2348de7cbfbfb8556d4c99ae7090b8d64a80,0xa8bF0cD4D76D92Cb345e81999029f3174A219305,0xd0dc4Cc10fCf3fEe2bF5310c0E4e097b60F097D3,100000000
1621721761,0x8d030c0de329820df90caa9759bab5f7d69f1dad4f572d65f2496823383984f8,0xbde901046e67708c571CFfa4af722ba6993F2Cf2,0x6E16394cBF840fc599FA3d9e5D1E90949c32a4F5,100000000000000000000
1621721817,0xfe60ce03c4a74da8096a08f3b216a630c775de2d5980228249bcb09cbf516d66,0x262fa5a227a463f5263FeCFE01Ff47B1d2F7bB86,0x6E16394cBF840fc599FA3d9e5D1E90949c32a4F5,250000000000000000000
1621721865,0x93ada505307ec71444363ed51f30ce3cea53aab27fac00bb05038c371a57386b,0xa2D20dB48709De22E407655cb6406fD7AC2717a9,0xd0dc4Cc10fCf3fEe2bF5310c0E4e097b60F097D3,100000000
1621721874,0xd9ec19472f6fcd076f355f334e763973a173f57726a9c772a78e7cb8005e0e38,0x0D08E4b40064fbBebD3d70d56b4Da0315C92E4D3,0x6E16394cBF840fc599FA3d9e5D1E90949c32a4F5,100000000000000000000
1621721949,0x37a93181575e43c147c129658813f930e053e9a41eae9fbaa93b98c7373224bf,0xA161aF0E1AB3DBDA1f8085b489350fB0Df64a51E,0x6E16394cBF840fc599FA3d9e5D1E90949c32a4F5,100000000000000000000
1621722069,0xcfe7fafad7a396bd910289674ea480609ab0280fe8efb2827beb6ce42ec86bc1,0xa7b5BEA843C129F565Ab1240b6CBB47f39361246,0xd0dc4Cc10fCf3fEe2bF5310c0E4e097b60F097D3,50000000
1621722143,0x227011129ff4260e1a41624d7e113d598a27b770660eb6945af40024756ffd6f,0xeD2EE0A646B7fd9cD5795ca09ac5A6ffC1761A90,0xd0dc4Cc10fCf3fEe2bF5310c0E4e097b60F097D3,100000000
1621722226,0x5b40a2f06f8dfaa64c95d0a3fcec1c562a1e5559a45ac8dc18988161e91700ff,0x5DE8Ac0d4e700821b55E848c4ac2d4467D8a38C0,0xd0dc4Cc10fCf3fEe2bF5310c0E4e097b60F097D3,69000000
1621722570,0x914a6fbfa93623dc29c3953200ce3ba8b05e150124f5b054de5cc3666799a15c,0x6583c05d4B6c77CF6928d80e824aC3C4CA79142A,0xd0dc4Cc10fCf3fEe2bF5310c0E4e097b60F097D3,100000000
1621722677,0x2120b065c5f3b6c738b628ec6f86d4f1b715791232c9eeabdb55641c5ec278f4,0xedb5A8730755e3A701621b922dAFC9908602BB94,0xd0dc4Cc10fCf3fEe2bF5310c0E4e097b60F097D3,100000000
1621723618,0x0d0e95366d7da9bc8f054145784507d718c73e2963594ed783fd8e7ae622f5de,0xf1eE2Ac3b3478F5FF86e8be64222987139ad515b,0xd0dc4Cc10fCf3fEe2bF5310c0E4e097b60F097D3,100000000
1621851072,0xc77173dabd7959f3945d5c26a3b2770407701a56b2e2a605fea59d93dde4e450,0xfEa04B2B2a3480658291199c7d14916151E3464d,0x6E16394cBF840fc599FA3d9e5D1E90949c32a4F5,10000000000000000000
1621867881,0x50b126f6fb515346881f0975e401aa3ec77d6110831d5ed7aa25ea7158a3e3cb,0xA98862a73b69946F8daD60BF6DB9AAbE86480377,0x6E16394cBF840fc599FA3d9e5D1E90949c32a4F5,100000000000000000000
1621869405,0x4da712cd6e7d12ea4b156003eb677446b36b6773517e87e58e99491918fe9613,0xEfF7292DF948148394F85c2B659b2732b0948683,0x6E16394cBF840fc599FA3d9e5D1E90949c32a4F5,100000000000000000000
1621869541,0x3506182807de8f570ff2df25c232eacbbb422e345b9fdbd8884a159831c0a22f,0xE1510a9c968FD1b4B73ecE06dc3A6567e6155a38,0x6E16394cBF840fc599FA3d9e5D1E90949c32a4F5,80000000000000000000
1621869695,0x7dbecbe67a6185b083c074cc2cec5406655c23998f30920c7d21bc148fca6182,0xF7abF6DE7f26fb95c783263F5d02B571BBaCB2A4,0x6E16394cBF840fc599FA3d9e5D1E90949c32a4F5,90000000000000000000
1621869890,0x3ed8ae0b079db114ebbd0d6ce9919a78a31483f3dba7dfea86d411a030440be4,0xe12462eEBcD5436F3B098aC341811084C67c2682,0x6E16394cBF840fc599FA3d9e5D1E90949c32a4F5,100000000000000000000
1621869983,0x97b679bdd56a87ae1590e2425b80ddc7fa365fcdded7a1b6092fd933a37ed900,0x932Ae65a2ee0fAa85062C970278AC0F707C893F3,0xd0dc4Cc10fCf3fEe2bF5310c0E4e097b60F097D3,100000000
1621870095,0x70cb669b6986c7fc3273ff280832ac2c373ae94d40f0ff30760125903bbe14ee,0x746E621e9aa6AE538F98E734a65e540Dd98Dfc95,0xd0dc4Cc10fCf3fEe2bF5310c0E4e097b60F097D3,115000000
1621870506,0x8baf90c994c866e45aa5d9d980cd5bdff2f2a4dbd2654bb5b78a2c8792cb288a,0x353635D152d622C61a991C177C32E20A575164EC,0xd0dc4Cc10fCf3fEe2bF5310c0E4e097b60F097D3,80000000
1621871085,0x12b04c822982d7e480735c832fd4803bfdf6d3d29b6627c6cba05681e1edab7a,0xC06964266aef6366440d7DF544a70fa1a8960851,0xd0dc4Cc10fCf3fEe2bF5310c0E4e097b60F097D3,111000000
1621871101,0xa038c9cc2707e9dcce11a72a2d67861cdd69ad5284754a27d656f7dd2809d92a,0xF6B8A2D2E7ecDC13B265BA0BF3b56d173401eA44,0x6E16394cBF840fc599FA3d9e5D1E90949c32a4F5,150000000000000000000
1621871526,0x1a07305790fa305ba7dade770a0d04c11779ddd5548895cbb4eb377530492705,0xd35225De9af2Ca02D325118a57b0d5AD2D5fB16f,0xd0dc4Cc10fCf3fEe2bF5310c0E4e097b60F097D3,100000000
1621875799,0x453697c086ce6cf21d33e581183d99d4dfb73991678c2dcae20ba3c396dcf565,0xE9Ee1adA09599090840a4e15D7278aF5b338443C,0x6E16394cBF840fc599FA3d9e5D1E90949c32a4F5,1000000000000000000000
1621881187,0x6586e9323512726cd9a5d238ef8df6d34c87d04caa7766e6856b575a576ab9d9,0xD8f813Ec49bc39Bb52BA0817eC9BD6a8E653B760,0xd0dc4Cc10fCf3fEe2bF5310c0E4e097b60F097D3,200000000
1621882091,0xde7f84ffd0509eb60fe23e2d6054481300cf19f59b7d55b7a6c705f304fe252b,0xF287148C549A41E0f64ad816DB4204325eAC6F23,0x6E16394cBF840fc599FA3d9e5D1E90949c32a4F5,100000000000000000000
1621899554,0x03c9baa8811d1260c74858c2c77a0f38ca5d18ba7549093292b7a025550dd9a3,0x9C5957440D9944890b06DB9654801F832DD7E5b2,0x6E16394cBF840fc599FA3d9e5D1E90949c32a4F5,125000000000000000000
1621934495,0xf540262e463997c14b5e60f599f1aab233db3d883adc3ec00f106856be4482e6,0xa91f68edb71bcB923707cB5A9731955D435Ec851,0xd0dc4Cc10fCf3fEe2bF5310c0E4e097b60F097D3,105000000
1621977521,0xfde8c0996ddc83fa78d5d3f6d2d69658153afad7d5140a7df877ba6f4e040137,0x45eBC736090424b36106c4A29714B10bB19A5C72,0x6E16394cBF840fc599FA3d9e5D1E90949c32a4F5,250000000000000000000
1621978724,0xde6ebeb5fbe806cac8587b43d991a50f8d64dba3da13399e30cfc70f01b299ed,0x884B2737F355E1Ae0C88609c10BF7BC2f761f815,0x6E16394cBF840fc599FA3d9e5D1E90949c32a4F5,100000000000000000000
1621999517,0xee846792a033a224b44396b154a08fda3d0acb8f4f725b7e629719d87b1ec02b,0xCCa11A8EdB05D64a654092e9551F9122D70EA80e,0x6E16394cBF840fc599FA3d9e5D1E90949c32a4F5,100000000000000000000
1622011144,0x29b9be920de914f5fcf0cb3b0631d2041ed6ab8742464db9c7bb9ee3ea3871c2,0x19dfdc194Bb5CF599af78B1967dbb3783c590720,0x6E16394cBF840fc599FA3d9e5D1E90949c32a4F5,1000000000000000000000
1622012060,0xcf4d020d11060aa5e42db7c2e0b7708b6eabf49037d689d28fffae79d76b935c,0xc6C8AeCb1d9cA59A09d691cDa8539992655dbfB3,0x6E16394cBF840fc599FA3d9e5D1E90949c32a4F5,2800000000000000000000
1622021225,0xc1f0f815cea763ff1123412a2dbe835d114f88434b9813a1c50fdf745681e9ee,0x60f931EE0Ad1b80242F26B624722a0734ac26db2,0xd0dc4Cc10fCf3fEe2bF5310c0E4e097b60F097D3,100000000
1622024547,0xa9507c9abc90f3b5f224619ceaa51387301ea0e193f381c02f6a27036c320cb5,0x010922A3A9e3DabcF6019581F4698a5c53202394,0x6E16394cBF840fc599FA3d9e5D1E90949c32a4F5,10000000000000000000
1622026433,0xcf830c91f35829febc7ec4fc0faa0a3b273955e60f25b253b8a8305f39842507,0xdac959196d0c87b5F285CF259Ff7d615F7071235,0x6E16394cBF840fc599FA3d9e5D1E90949c32a4F5,50000000000000000000
1622040690,0x8e02514a443658f2e782c804ee2b45c66dbf7eff91134688d6db1b9342a9063c,0xDB687064091B8D2df1A02273411a03B707e20003,0x6E16394cBF840fc599FA3d9e5D1E90949c32a4F5,100000000000000000000
1622047400,0x58f496d141b8c720e99ba41d7a2f9c442ed2de444c5c97c00a0e578b3cd839bf,0x49C233D25768E462F0474390F653BAF40DD592b2,0x6E16394cBF840fc599FA3d9e5D1E90949c32a4F5,1000000000000000000000
1622053665,0x0d3244a613e401722d8dc0e433470e768362b3e3b3b1fa88b0f5d6c7d2f8b78d,0xE38F383DbA802c0C45A127F96354c077DdEe886f,0x6E16394cBF840fc599FA3d9e5D1E90949c32a4F5,1500000000000000000000
1622070920,0x79497e1625cda90eefda4a38b31ac42ed32a0e84f93ffbebe124f496cc7a35bb,0xC77FA6C05B4e472fEee7c0f9B20E70C5BF33a99B,0x6E16394cBF840fc599FA3d9e5D1E90949c32a4F5,3000000000000000000000
1622119328,0x89b49d65ea7d6da38a7e2b344fd21eb6b213f52fab28a8bb2484b9b091c57292,0xA8EbE6DcDa66bB74a8DB994554d2Ad277cb54aDa,0xd0dc4Cc10fCf3fEe2bF5310c0E4e097b60F097D3,250000000
1622160095,0xeeba6d069c45aa709c0f1ce83bdcd3a609c88d0908f9cdbad89d3c2aa10e7b74,0xcd43AaD533e663b726DAe4a08185E9db8eBC9f6F,0x6E16394cBF840fc599FA3d9e5D1E90949c32a4F5,500000000000000000000
1622188284,0x512b8eb9edc42755626881511b0d0f6ec673fd0f7380ca0f088e771da9b1e9f5,0x05eBf7B089a859af295B4F4D96673eDcB5ef6621,0x6E16394cBF840fc599FA3d9e5D1E90949c32a4F5,50000000000000000000
1622209618,0x67fe5bbcbc08fb4e1a8874d4f4a1f18475b414e3e495cacca3c78251e945d86d,0x2AFaB81b50410596Dcf6c290F1DC8344518E9970,0x6E16394cBF840fc599FA3d9e5D1E90949c32a4F5,1000000000000000000000
1622256027,0xaba29b67f0476d5182b89e496e727ffa6c0d181f7903a6d0c9ec20444109eeff,0xa9702237c06498a538aa60B1892f3e8500f97451,0xd0dc4Cc10fCf3fEe2bF5310c0E4e097b60F097D3,10000000
1622271849,0xfa5e240094e79f6e051cdbf8e1ffa7203987711f49958748e81c271cf1a1dc3f,0x392027fDc620d397cA27F0c1C3dCB592F27A4dc3,0xd0dc4Cc10fCf3fEe2bF5310c0E4e097b60F097D3,1800000000
1622293643,0xcc5e97d234fb2d79d9cf57f5bc967770c4717de4dcdec0f505a58abba529c0f5,0xd82Fd7fbFc8634C942d53993c9317Fe57CecA11F,0xd0dc4Cc10fCf3fEe2bF5310c0E4e097b60F097D3,300000000
1622421050,0x3745a4c120f58f366cd88d5d7cb616b564243f34b457efc2d98d1ca90a93997f,0x07f67cF4b8BFA3A1117CB802cCb9B54687c48047,0xd0dc4Cc10fCf3fEe2bF5310c0E4e097b60F097D3,500000000
1622508383,0x17cedd712bbddbae53781a4fbcb89be4e89de8e935382f9c508c2c2df1e93cb4,0xa89B35494dd78814052b487B7a71D1Fb280c0aFD,0x6E16394cBF840fc599FA3d9e5D1E90949c32a4F5,10000000000000000000
1622513959,0x2703a75f070e1de18007a5af27a155318eadbf025631908159ff1b2bd4dc7120,0x5e25c391810eE5Bc705c87FB51c368612982D57a,0x6E16394cBF840fc599FA3d9e5D1E90949c32a4F5,1000000000000000000
1622561743,0xd891dc369cf438af5251b548d722ad85afe681cab1097a8adc6136e6fed9dd02,0xB4394f3DeaB6D7A9d27fB542EAfacc32c3C01076,0x6E16394cBF840fc599FA3d9e5D1E90949c32a4F5,1000000000000000000000
1622567726,0x08515e408fb00f96939538928590dfea0366db5d1a8a0fd1e1e20597da53cbb1,0x79b1A32EC97537486E75d99850BD56ECfA09D643,0x6E16394cBF840fc599FA3d9e5D1E90949c32a4F5,500000000000000000000
1622606004,0xed4c3950fb5043d1519065390bfcfcc423d828e8a1fd5bb898c4fa372f5395cc,0xE03fEa52f36c443fd7E9625aEA713a8461c180db,0x6E16394cBF840fc599FA3d9e5D1E90949c32a4F5,100000000000000000000
1622609902,0xf5e0b4f04063ae387769094b73b83adea31a9f0aad02493262eb8b10a19721de,0xa1C7bd2e48f7f3922e201705f3491C841135F483,0xd0dc4Cc10fCf3fEe2bF5310c0E4e097b60F097D3,1000000000
1622657202,0xc689a8c8e3fd544a2627b9643cb9a5b45c498dc08fed433695f754eafd9a24b5,0x8f82808FD5cE99C4E34b56078ea55E244e34773c,0x6E16394cBF840fc599FA3d9e5D1E90949c32a4F5,60000000000000000000
1622657481,0x2a8be88effe5a4e0a754e280ef1567da491936617c9de4c366f47fe5acb56fa5,0xD1C76d57aeec45c17FB313A45a03b5c527B62174,0x6E16394cBF840fc599FA3d9e5D1E90949c32a4F5,100000000000000000000
1622657484,0x2ce978fa8a21221e003c86026716f6383b1828b790eb4b265e8998cb4b3827e5,0xB5304935df1D3F810932666B708451F55F143913,0x6E16394cBF840fc599FA3d9e5D1E90949c32a4F5,100000000000000000000
1622657719,0x6c7357c0b36e1fbca20e0263d236fdb92f8b98e1403370081f3b9c3f27854cc8,0xa195D95a0f1A6A0c7414159B2b28E23E9f550Fb4,0x6E16394cBF840fc599FA3d9e5D1E90949c32a4F5,100000000000000000000
1622659773,0x04834f537bc4326e3adaaa3396e5c81c0950e55ba6f6f3b885f37da5f6dd7967,0x171E86C5848cfDDab768E9C2f1F591435d5315c9,0x6E16394cBF840fc599FA3d9e5D1E90949c32a4F5,50000000000000000000
1622663171,0xc8ce573439eb3d9a4c77fe0e36fa36e86994ba68d58cf6122c0652da3e4cc2c0,0xc97239fda221124DCDac5612B45C208163c1D4f3,0xd0dc4Cc10fCf3fEe2bF5310c0E4e097b60F097D3,2000000000
1622688230,0x67608eb183c76b974154ec93844a63bc9c46ede248ec6410840db21e9cf84749,0xf8e6f23f18a04Bfd481cE71ac894488568285f1b,0x6E16394cBF840fc599FA3d9e5D1E90949c32a4F5,500000000000000000000
1622690207,0x5bb664d10fbb592547577e78b37c30a28f5a561777247cbf653378a2d8e5a6f2,0x9C3E169E4885E3F720Bc34337ceC3b6b11AAE254,0xd0dc4Cc10fCf3fEe2bF5310c0E4e097b60F097D3,100000000
1622718242,0x29072038f638b647ab16ac6c9d5196d23128ee689599623a9fc1bd00e08115de,0x7E8ecCb534108cD2e4975267069e9Fc493E0304B,0xd0dc4Cc10fCf3fEe2bF5310c0E4e097b60F097D3,50000000
1622721804,0xa42f32d7b8ba77edeebeb89b56f25d8e6c9497daed146f5474ced17924089826,0xB290Fd44A628A21FCCBf6347668D80dE4177dA42,0x6E16394cBF840fc599FA3d9e5D1E90949c32a4F5,10000000000000000000
1622725460,0x1bd2ee49f7544f5513a74127b60a796ba8fdca7163a44d564662a33011d65f09,0x4034E70f8D84e3ac931f4c6771DA1DCEA1DDCf53,0x6E16394cBF840fc599FA3d9e5D1E90949c32a4F5,5000000000000000000
1622730200,0x8ad69df4451a6c523f5a2f9763dd90261996e6209add58963a9196c0ecc79065,0x466AcfF01de5D7a9C8a9cE9744618bb717E25A3B,0xd0dc4Cc10fCf3fEe2bF5310c0E4e097b60F097D3,8000000
1622764480,0xddc73c55d0909a8f39d0aba06455e93c80dc6e75375ecb692797cf493a2d6033,0xCa9ba74eE20917211ef646AC51ACcc287F27538b,0xd0dc4Cc10fCf3fEe2bF5310c0E4e097b60F097D3,100000000
1622764968,0xc14083f9927433380d5d62d3ea3a021bdeed6945a3940cc10665f47f1a25c34c,0x3E8a5eF9c182bff3F3c171FffaCc14E110281B30,0x6E16394cBF840fc599FA3d9e5D1E90949c32a4F5,5000000000000000000
1622765020,0x3c382f8c9b68097a3be5bf84c554aa94c0ca7e2bd1b85999c11d2c4850ec92dc,0x074AD9Ec101d680d480BF70841124D32d8b2664A,0x6E16394cBF840fc599FA3d9e5D1E90949c32a4F5,1000000000000000000
1622765449,0xf4cf9df9c2dbe6810dfc9a0f24ea294735451d72c4e067b4bdb715f7bca726b4,0x09b412eBBf9B2F40fB3419ff96b84B9A8EC3Df89,0xd0dc4Cc10fCf3fEe2bF5310c0E4e097b60F097D3,250000000
1622765454,0x375f0959579bbfc4583e5aaa0cb2b69500294e50b7e22d3d7850495e35e8c056,0xDff6fF5d17097fC8DC038606cC68581fc0634a4C,0xd0dc4Cc10fCf3fEe2bF5310c0E4e097b60F097D3,400000000
1622765490,0x89e0e73fbba72e0766810c9a33afc48de16ab4091dd1dba4ceb51222f442d85c,0x6be9a7100df73E81855c34497bfE17015291D5a2,0xd0dc4Cc10fCf3fEe2bF5310c0E4e097b60F097D3,250000000
1622815041,0x6bc229db57553ac01e71d4bedd7c8fc74857b7fe1ba7c230e98e6e0d77c97315,0x181cb9866F4d0489163c588DaDc084768e3B7012,0x6E16394cBF840fc599FA3d9e5D1E90949c32a4F5,15000000000000000000
1622978016,0xb9b1b9f75d6383bd41fa4f9838d215570539ff514d06194037baf9668bdce238,0x22f6EDb55790B0Fe841C5BA9aa30792ebcB55863,0xd0dc4Cc10fCf3fEe2bF5310c0E4e097b60F097D3,100000000
1623058997,0x2c1a9e8e402bbc0d96a69528786a7c771dced66433292236e3387489108603a7,0x38Dd4D1Cf82B0943d1ED300A792900D252e21921,0xd0dc4Cc10fCf3fEe2bF5310c0E4e097b60F097D3,10000000
1623059833,0xa6b6c966daa26d62eefa0739b97b2e3e1353e852c3c3fed9e67b3d0a12b521c5,0xDFE2b668c6D4a3FA785f86cB2c64E54E30c16cb0,0xd0dc4Cc10fCf3fEe2bF5310c0E4e097b60F097D3,10000000
1623146752,0x5ccb8784ff9c92f4a6c4f6da596790e7b960bbf4590bd964865fe810df203a1c,0x90C941b9eF1B662165b8c0Ff3d08Ce4B0E697fAB,0x6E16394cBF840fc599FA3d9e5D1E90949c32a4F5,100000000000000000000
1623254893,0xe5668d86d728d25d307f5d14c900bd64cb5ecfe17a58c1f24ae2f344a2c06b95,0x61751BC401f4EABe10A238661B4A60ba84910059,0x6E16394cBF840fc599FA3d9e5D1E90949c32a4F5,1000000000000000000000
1623396569,0x7f76e6dea76ad365caa1198917c726830a8e74b386ec20eedfa2696f70caad58,0xb730d3908B9B83aC4d876Ae5c70AA9804f39694a,0x6E16394cBF840fc599FA3d9e5D1E90949c32a4F5,1000000000000000000
1623414252,0x61bf6100a5d1054c5b0ea1cd2f90a86632f61cba03c5529e2f5a8f3445c300fd,0x452671bB51A1aB67364515988dbbFeE08A3e4EdE,0xd0dc4Cc10fCf3fEe2bF5310c0E4e097b60F097D3,200000000
1623450392,0xdd03301f7e185b48d2b80bb540a029bc05033d68423f7769bd44419823f7d257,0xdc826aC58A5FA9f4F35aad8ad6b679Fa2f9fD6dd,0xd0dc4Cc10fCf3fEe2bF5310c0E4e097b60F097D3,70000000
1623450671,0xec6e0bfe30837a70a03d699e28760b84bcf24aa15e17825ffa3a71a0320d5319,0x805Ba02F89C4C9ce6701eb502ebBBe19941e306F,0x6E16394cBF840fc599FA3d9e5D1E90949c32a4F5,1000000000000000000000
1623451713,0xc072c32d23c5bc76d4ba7265232a3dc536aef795a583e08f6255296c4327081e,0x9FEF86F76af2b459BBbb137918f8e589dB683381,0xd0dc4Cc10fCf3fEe2bF5310c0E4e097b60F097D3,10000000
1623516521,0x256ffbfb2325eea74e8ba95b4b3f8876126d252486957eb39a73d4a6bf3e90d8,0x0825e50EA7160Af9962Db0ce5b344EB9ADFaCb28,0x6E16394cBF840fc599FA3d9e5D1E90949c32a4F5,300000000000000000000
1623567639,0x743ccbc79eab59eec782638071ad03f4c98abc13768c1f3681a7fb87aed04dfd,0xf17441352d36a537c36dB7782B7f08651fbBD86F,0xd0dc4Cc10fCf3fEe2bF5310c0E4e097b60F097D3,500000000
1623592802,0xbd3d78aeb290e64c401534fd0a529496efaac715e22cee1581d060b4a974cd38,0x601091af1314491f4E3088f8f0FfF80D31Fb0E1e,0xd0dc4Cc10fCf3fEe2bF5310c0E4e097b60F097D3,10000000
1623661293,0x9e4f4334567edf8412fe7233c74bd05106a5004739522e4a55455bab1cb503f8,0xb5EDE9893FcCd62a110fd9D0CcE5C89418a8540b,0x6E16394cBF840fc599FA3d9e5D1E90949c32a4F5,100000000000000000000
1623670024,0xb86fcc73108a4b8a378079b74ce48b245a98b634df19b4aa9b6858248b111f0f,0x652151c8521A46bEA762624726214FADd2e666Cc,0xd0dc4Cc10fCf3fEe2bF5310c0E4e097b60F097D3,500000000
1623671397,0xcbddd6bd09ce537bb9d5e54a04902cc08ffe29a2c84543ee49a05e00f94d7dd9,0xE9ace2d977Ae6aCA0258869B4Fdb291892cb9e81,0xd0dc4Cc10fCf3fEe2bF5310c0E4e097b60F097D3,500000000
1623672418,0x2d4cd834247364f0a552c87319d8d4fb68fde3958e8a36e485d251f37e4bafcc,0x3E82Fa55cEEe581130890728F14BFCC2653C8D29,0x6E16394cBF840fc599FA3d9e5D1E90949c32a4F5,200000000000000000000
1623674117,0xcff838f58f5e40cd0d4d69ee66104d6acccbc999e643c9edfa87ef780fcf596b,0xB242F48A246A4fec2e5ea8731f9ec7cC2EdA5c7B,0xd0dc4Cc10fCf3fEe2bF5310c0E4e097b60F097D3,250000000
1623676126,0xf55984da8bdd9742fb8ce0110bbdd3cbbbff92a67cceb4e6940d9b8e4e519cb0,0x81b15c11fD0C736399485307FAecd13bdd58185d,0x6E16394cBF840fc599FA3d9e5D1E90949c32a4F5,300000000000000000000
1623682036,0x552db8be124cd14284a5e5fef001d8ff4ef87ab6fe235367c97754b8de63d1f4,0x39a37f1AF1e1731E5777CA3C64758Ce43Dd1755A,0x6E16394cBF840fc599FA3d9e5D1E90949c32a4F5,200000000000000000000
1623689506,0x32a1ff895029dcc39cf8789dd2ffaba05e677ec607aa28fb24ae9ccebf021b89,0x19C1Af9D0eF7c4740e4a09854f7B750dEDd1a387,0x6E16394cBF840fc599FA3d9e5D1E90949c32a4F5,100000000000000000000
1623754530,0xeba6c7b8a06abf390900a462f7761c1c5a7a24aa26c17fb201b8d5a029d69481,0xF8E58BB6d7897441C2B39D0FDF4D72A2635d8F0a,0x6E16394cBF840fc599FA3d9e5D1E90949c32a4F5,1000000000000000000000
1623767139,0xde78e1d948cdeed4527739bbbfa95ed747abc33aa6853ca05b11527acd8e48ef,0xE214B8255999BCd69026D6AB54C7715850dd5290,0xd0dc4Cc10fCf3fEe2bF5310c0E4e097b60F097D3,500000000
1623862220,0x989c9bed2690a26d0ef5ddbb764ff6eeccdaa6f4cb3ddea8a778daf6f0d912bc,0x47D7bd5e7A23cD5A9A0cDEeDC86F34182c402920,0x6E16394cBF840fc599FA3d9e5D1E90949c32a4F5,30000000000000000000
1623912225,0x678dec07cba237c4460fef4ce1b05ee5b32dc262d1c19fef62900e170d3c9fa3,0x1Cb86Ee06CD27d7045D2849BF342FcF5ef2a7D12,0x6E16394cBF840fc599FA3d9e5D1E90949c32a4F5,55000000000000000000
1624561758,0xaa040bc827e932328dfc2104033c9fc7a8f49b3b53c9c6176855b96777d8b4d9,0x000c9D05B64167cc59aD776c2032C736a4d6e8Ee,0x6E16394cBF840fc599FA3d9e5D1E90949c32a4F5,1000000000000000000000
1624566070,0xdf7677d85314a1e8c137356336c71c46439f61ada283e1ddc51a5e1fb43a272f,0xb7d49ADB031d6DBDF3E8e28F21C6Dd3b6f231cD5,0x6E16394cBF840fc599FA3d9e5D1E90949c32a4F5,100000000000000000000
1624623883,0xce26d6176f701681a83b8aa947af253478a95d6fb159dc2ff2ca4c5d485493af,0xcd2c1e27CB06317BD72034EbE670C35aD6f898c7,0x6E16394cBF840fc599FA3d9e5D1E90949c32a4F5,200000000000000000000
1624730562,0x919de1a8669072ea51c94424672d6962145420de6e5a16db0b3f1462ff8aef7b,0xDd51211D4242961E5A27fFc76F2C15bd07971ce0,0x6E16394cBF840fc599FA3d9e5D1E90949c32a4F5,20000000000000000000
1624731080,0x21fa9b98cd8613a471da4d617f43c216744b4881f9746ee448f69bd45c6c3ae6,0x7DC738DCA553FB47a630229e6B24FACA09997E86,0xd0dc4Cc10fCf3fEe2bF5310c0E4e097b60F097D3,20000000
1624731658,0x9c0c27cad1522b3452f89fab2b3a15a3b2f30204f7fd1d4d9b80c47089059253,0xAEa87C4082beFb4bDb1B7549c3CA50A2da124ed4,0xCA26d96B45111A130AF78D69E1DB283975547D67,21000000
1624737056,0x76deb915ce110a12533eecbefc1c4fb6726ba5e97af7f79b7359e4e120f3b871,0x59F90054b83E1eC6E344ce6aaa606CEe340196F1,0x6E16394cBF840fc599FA3d9e5D1E90949c32a4F5,20000000000000000000
1624737472,0x777c36d7c57119646b9d96c16e66b909f6ee4d49ecdce7b994d92c0631f6d81b,0x22BE274CBcFff80CFD82853E8Bb9C483108D8a2c,0x6E16394cBF840fc599FA3d9e5D1E90949c32a4F5,20000000000000000000
1624737481,0x6c7dd38bc0f03c029550b9c6bee89f5b70b2cb858cfb996bd03db202d6a3aa81,0x633A2b4385aE16fcdb0C3e87Bb88DA73437435Ac,0x6E16394cBF840fc599FA3d9e5D1E90949c32a4F5,20000000000000000000
1624740113,0xa5a74587d7d06fabeabc4ffbce320000761cefa5c62f0503eb586e0785e299fc,0x558042d6dA568Be44d292d0c748f7D722abF363A,0x6E16394cBF840fc599FA3d9e5D1E90949c32a4F5,20000000000000000000
1624749872,0x623df89668bf624511cf219aa8fb6cd59e29b77c8a6090577bcf5888f2ddcb52,0x71D8472C58D77F2220C333149BdF8b843C314E99,0x6E16394cBF840fc599FA3d9e5D1E90949c32a4F5,11000000000000000000
1624767012,0xa0593f6308ab23b748bc894ebe4cd5cc44aa3e6b90a6b8aaa56871f1fad307e5,0xBe289902A13Ae7bA22524cb366B3C3666c10F38F,0xd0dc4Cc10fCf3fEe2bF5310c0E4e097b60F097D3,5000000
1624805192,0x26ba9d932abc2188144563d600bbd2604350383c70c3ac5e9a32f2dca866906b,0xe160A7499D4079a91c0Bb718059dDEcC31aE078D,0xCA26d96B45111A130AF78D69E1DB283975547D67,1000000000
1624806308,0x82f59ddaf668bc90773861939b8c95052762abfde6a2f5beaacaff0b8332192e,0x01931f29d44C2a2B47391062239913BDab72a8F7,0xCA26d96B45111A130AF78D69E1DB283975547D67,2000000000
